{
  "properties": {
    "connectionReferences": {
      "shared_office365": {
        "api": {
          "name": "shared_office365"
        },
        "connection": {
          "connectionReferenceLogicalName": "pn_ModularOffice365"
        },
        "runtimeSource": "embedded"
      },
      "shared_commondataserviceforapps-1": {
        "api": {
          "name": "shared_commondataserviceforapps"
        },
        "connection": {
          "connectionReferenceLogicalName": "pn_ModularDataverse"
        },
        "runtimeSource": "embedded"
      },
      "shared_teams": {
        "api": {
          "name": "shared_teams"
        },
        "connection": {
          "connectionReferenceLogicalName": "pn_ModularTeams"
        },
        "runtimeSource": "embedded"
      }
    },
    "definition": {
      "$schema": "https://schema.management.azure.com/providers/Microsoft.Logic/schemas/2016-06-01/workflowdefinition.json#",
      "contentVersion": "1.0.0.0",
      "parameters": {
        "$authentication": {
          "defaultValue": {},
          "type": "SecureObject"
        },
        "$connections": {
          "defaultValue": {},
          "type": "Object"
        }
      },
      "triggers": {
        "manual": {
          "type": "Request",
          "kind": "Button",
          "inputs": {
            "schema": {
              "type": "object",
              "properties": {
                "email": {
                  "description": "Enter an email address.",
                  "format": "email",
                  "title": "Marketing Email",
                  "type": "string",
                  "x-ms-content-hint": "EMAIL",
                  "x-ms-dynamically-added": true
                }
              },
              "required": [
                "email"
              ]
            }
          },
          "metadata": {
            "operationMetadataId": "c3e014ed-20e4-4db8-850c-b23d929d6a00"
          }
        }
      },
      "actions": {
        "Send_an_email_(V2)": {
          "type": "OpenApiConnection",
          "inputs": {
            "parameters": {
              "emailMessage/To": "@triggerBody()?['email']",
              "emailMessage/Subject": "This is a test",
              "emailMessage/Body": "<p>Hope you like it</p>",
              "emailMessage/Importance": "Normal"
            },
            "host": {
              "apiId": "/providers/Microsoft.PowerApps/apis/shared_office365",
              "operationId": "SendEmailV2",
              "connectionName": "shared_office365"
            }
          },
          "runAfter": {}
        },
        "Add_a_new_row": {
          "type": "OpenApiConnection",
          "inputs": {
            "parameters": {
              "entityName": "pn_marketinglogs",
              "item/pn_email": "@triggerBody()?['email']"
            },
            "host": {
              "apiId": "/providers/Microsoft.PowerApps/apis/shared_commondataserviceforapps",
              "operationId": "CreateRecord",
              "connectionName": "shared_commondataserviceforapps-1"
            }
          },
          "runAfter": {
            "Send_an_email_(V2)": [
              "Succeeded"
            ]
          }
        },
        "Post_message_in_a_chat_or_channel": {
          "type": "OpenApiConnection",
          "inputs": {
            "parameters": {
              "poster": "Flow bot",
              "location": "Channel",
              "body/recipient/groupId": "d80ae2a1-3264-4e5b-be46-9f530720534f",
              "body/recipient/channelId": "19:i26GCJcd_oRY0KVOG_SxGsd3ubOUsDZe65WDsXpTvjM1@thread.tacv2",
              "body/messageBody": "<p>The marketing email @{triggerBody()?['email']} was delivered and logged</p>"
            },
            "host": {
              "apiId": "/providers/Microsoft.PowerApps/apis/shared_teams",
              "operationId": "PostMessageToConversation",
              "connectionName": "shared_teams"
            }
          },
          "runAfter": {
            "Add_a_new_row": [
              "Succeeded"
            ]
          }
        },
        "Respond_to_a_Power_App_or_flow": {
          "type": "Response",
          "kind": "PowerApp",
          "inputs": {
            "schema": {
              "type": "object",
              "properties": {
                "logged_email": {
                  "title": "Logged email",
                  "type": "string",
                  "x-ms-content-hint": "TEXT",
                  "x-ms-dynamically-added": true
                }
              },
              "additionalProperties": {}
            },
            "statusCode": 200,
            "body": {
              "logged_email": "@triggerBody()?['email']"
            }
          },
          "runAfter": {
            "Post_message_in_a_chat_or_channel": [
              "Succeeded"
            ]
          }
        }
      }
    },
    "templateName": null
  },
  "schemaVersion": "1.0.0.0"
}