{"swagger":"2.0","info":{"version":"1.0.0","title":"Accuweather","description":"Location service provided from the AccuWeather service"},"host":"dataservice.accuweather.com","basePath":"/","schemes":["https"],"consumes":[],"produces":["application/json"],"paths":{"/locations/v1/cities/search":{"get":{"summary":"City Search","description":"City Search","operationId":"CitySearch","parameters":[{"name":"apikey","default":"","in":"query","type":"string","required":true},{"name":"q","default":"","in":"query","type":"string","required":true}],"responses":{"200":{"description":"200","schema":{"type":"array","items":{"type":"object","properties":{"Version":{"type":"integer","format":"int32","description":"Version"},"Key":{"type":"string","description":"Key"},"Type":{"type":"string","description":"Type"},"Rank":{"type":"integer","format":"int32","description":"Rank"},"LocalizedName":{"type":"string","description":"LocalizedName"},"EnglishName":{"type":"string","description":"EnglishName"},"PrimaryPostalCode":{"type":"string","description":"PrimaryPostalCode"},"Region":{"type":"object","properties":{"ID":{"type":"string","description":"ID"},"LocalizedName":{"type":"string","description":"LocalizedName"},"EnglishName":{"type":"string","description":"EnglishName"}},"description":"Region"},"Country":{"type":"object","properties":{"ID":{"type":"string","description":"ID"},"LocalizedName":{"type":"string","description":"LocalizedName"},"EnglishName":{"type":"string","description":"EnglishName"}},"description":"Country"},"AdministrativeArea":{"type":"object","properties":{"ID":{"type":"string","description":"ID"},"LocalizedName":{"type":"string","description":"LocalizedName"},"EnglishName":{"type":"string","description":"EnglishName"},"Level":{"type":"integer","format":"int32","description":"Level"},"LocalizedType":{"type":"string","description":"LocalizedType"},"EnglishType":{"type":"string","description":"EnglishType"},"CountryID":{"type":"string","description":"CountryID"}},"description":"AdministrativeArea"},"TimeZone":{"type":"object","properties":{"Code":{"type":"string","description":"Code"},"Name":{"type":"string","description":"Name"},"GmtOffset":{"type":"integer","format":"int32","description":"GmtOffset"},"IsDaylightSaving":{"type":"boolean","description":"IsDaylightSaving"},"NextOffsetChange":{"type":"string","description":"NextOffsetChange"}},"description":"TimeZone"},"GeoPosition":{"type":"object","properties":{"Latitude":{"type":"number","format":"float","description":"Latitude"},"Longitude":{"type":"number","format":"float","description":"Longitude"},"Elevation":{"type":"object","properties":{"Metric":{"type":"object","properties":{"Value":{"type":"integer","format":"int32","description":"Value"},"Unit":{"type":"string","description":"Unit"},"UnitType":{"type":"integer","format":"int32","description":"UnitType"}},"description":"Metric"},"Imperial":{"type":"object","properties":{"Value":{"type":"integer","format":"int32","description":"Value"},"Unit":{"type":"string","description":"Unit"},"UnitType":{"type":"integer","format":"int32","description":"UnitType"}},"description":"Imperial"}},"description":"Elevation"}},"description":"GeoPosition"},"IsAlias":{"type":"boolean","description":"IsAlias"},"SupplementalAdminAreas":{"type":"array","items":{"type":"object","properties":{"Level":{"type":"integer","format":"int32","description":"Level"},"LocalizedName":{"type":"string","description":"LocalizedName"},"EnglishName":{"type":"string","description":"EnglishName"}}},"description":"SupplementalAdminAreas"},"DataSets":{"type":"array","items":{"type":"string"},"description":"DataSets"}}}}}}}}},"definitions":{},"parameters":{},"responses":{},"securityDefinitions":{},"security":[],"tags":[]}