<manifest><control namespace="PowerNimbus" constructor="FontAwesomeComponent" version="0.0.1" display-name-key="FontAwesomeComponent" description-key="Font Awesome loader" control-type="standard" api-version="1.3.15"><external-service-usage enabled="false" /><property name="FontAwesome_KitURL" display-name-key="FontAwesome_KitURL_Display_Key" description-key="FontAwesome_KitURL_Desc_Key" of-type="SingleLine.URL" usage="bound" required="true" /><resources><code path="bundle.js" order="1" /></resources><built-by name="pac" version="1.34.3" /></control></manifest>