{
  "properties": {
    "connectionReferences": {
      "shared_teams-1": {
        "api": {
          "name": "shared_teams"
        },
        "connection": {
          "connectionReferenceLogicalName": "pn_GoogleFormsTeams"
        },
        "runtimeSource": "embedded"
      }
    },
    "definition": {
      "$schema": "https://schema.management.azure.com/providers/Microsoft.Logic/schemas/2016-06-01/workflowdefinition.json#",
      "contentVersion": "1.0.0.0",
      "parameters": {
        "$authentication": {
          "defaultValue": {},
          "type": "SecureObject"
        },
        "$connections": {
          "defaultValue": {},
          "type": "Object"
        }
      },
      "triggers": {
        "manual": {
          "type": "Request",
          "kind": "Http",
          "inputs": {
            "triggerAuthenticationType": "All"
          },
          "metadata": {
            "operationMetadataId": "5f6e5b49-39a6-4417-b2c5-3519666a04cf"
          }
        }
      },
      "actions": {
        "Parse_JSON": {
          "type": "ParseJson",
          "inputs": {
            "content": "@triggerBody()",
            "schema": {
              "type": "object",
              "properties": {
                "form": {
                  "type": "object",
                  "properties": {
                    "id": {
                      "type": "string"
                    },
                    "title": {
                      "type": "string"
                    }
                  }
                },
                "response": {
                  "type": "object",
                  "properties": {
                    "id": {
                      "type": "string"
                    },
                    "timestamp": {
                      "type": "string"
                    },
                    "email": {
                      "type": "string"
                    },
                    "payload": {
                      "type": "object",
                      "properties": {
                        "Email": {
                          "type": "string"
                        },
                        "How did you discover us?": {
                          "type": "string"
                        },
                        "How was the event?": {
                          "type": "string"
                        }
                      }
                    }
                  }
                }
              }
            }
          },
          "runAfter": {}
        },
        "Post_message_in_a_chat_or_channel": {
          "type": "OpenApiConnection",
          "inputs": {
            "parameters": {
              "poster": "Flow bot",
              "location": "Channel",
              "body/recipient/groupId": "d80ae2a1-3264-4e5b-be46-9f530720534f",
              "body/recipient/channelId": "19:i26GCJcd_oRY0KVOG_SxGsd3ubOUsDZe65WDsXpTvjM1@thread.tacv2",
              "body/messageBody": "<p><b><strong style=\"color: rgb(74, 144, 226);\">A new survey has been received </strong></b></p><br><p>How did you discover us? @{body('Parse_JSON')?['response']?['payload']?['How did you discover us?']} </p><br><p>How was the event? @{body('Parse_JSON')?['response']?['payload']?['How was the event?']} </p><br><p>Email @{body('Parse_JSON')?['response']?['payload']?['Email']}</p>"
            },
            "host": {
              "apiId": "/providers/Microsoft.PowerApps/apis/shared_teams",
              "operationId": "PostMessageToConversation",
              "connectionName": "shared_teams-1"
            }
          },
          "runAfter": {
            "Parse_JSON": [
              "Succeeded"
            ]
          }
        }
      },
      "outputs": {}
    },
    "templateName": null
  },
  "schemaVersion": "1.0.0.0"
}