<environmentvariabledefinition schemaname="pn_DelegationSharePointSite">
  <apiid>/providers/microsoft.powerapps/apis/shared_sharepointonline</apiid>
  <defaultvalue>https://powernimbus.sharepoint.com/sites/PowerAppsCookbook</defaultvalue>
  <displayname default="Delegation-SharePointSite">
    <label description="Delegation-SharePointSite" languagecode="1033" />
  </displayname>
  <introducedversion>1.0.0.0</introducedversion>
  <iscustomizable>1</iscustomizable>
  <isrequired>0</isrequired>
  <parameterkey>dataset</parameterkey>
  <secretstore>0</secretstore>
  <type>100000004</type>
</environmentvariabledefinition>