{
  "properties": {
    "connectionReferences": {
      "shared_excelonlinebusiness": {
        "api": {
          "name": "shared_excelonlinebusiness"
        },
        "connection": {
          "connectionReferenceLogicalName": "pn_GuestAccessExcelOnline"
        },
        "runtimeSource": "embedded"
      }
    },
    "definition": {
      "$schema": "https://schema.management.azure.com/providers/Microsoft.Logic/schemas/2016-06-01/workflowdefinition.json#",
      "contentVersion": "1.0.0.0",
      "parameters": {
        "$authentication": {
          "defaultValue": {},
          "type": "SecureObject"
        },
        "$connections": {
          "defaultValue": {},
          "type": "Object"
        }
      },
      "triggers": {
        "manual": {
          "type": "Request",
          "kind": "Http",
          "inputs": {
            "triggerAuthenticationType": "All"
          },
          "metadata": {
            "operationMetadataId": "daad63c0-d59b-4cd1-be08-12d2acd62390"
          }
        }
      },
      "actions": {
        "List_rows_present_in_a_table": {
          "type": "OpenApiConnection",
          "inputs": {
            "parameters": {
              "source": "me",
              "drive": "b!7jmsY0L5CEiRP20JP4mMpE0sc-0uDylBr4gzOyHPE0e9-HwBKGoQT4sULsoEgtF-",
              "file": "01HVQQSH6JGZGDXDOW25GJHJ6NXTLAQXRR",
              "table": "{CE88A3DA-297D-4EAC-80BA-7B2363A3D91A}",
              "$select": "first_name, last_name, email"
            },
            "host": {
              "apiId": "/providers/Microsoft.PowerApps/apis/shared_excelonlinebusiness",
              "operationId": "GetItems",
              "connectionName": "shared_excelonlinebusiness"
            }
          },
          "runAfter": {},
          "metadata": {
            "01HVQQSH6JGZGDXDOW25GJHJ6NXTLAQXRR": "/Sample Data.xlsx"
          }
        },
        "Select": {
          "type": "Select",
          "inputs": {
            "from": "@outputs('List_rows_present_in_a_table')?['body/value']",
            "select": {
              "fullname": "@{item()?['first_name']} @{item()?['last_name']}",
              "email": "@item()?['email']"
            }
          },
          "runAfter": {
            "List_rows_present_in_a_table": [
              "Succeeded"
            ]
          }
        },
        "Response": {
          "type": "Response",
          "kind": "Http",
          "inputs": {
            "statusCode": 200,
            "body": "@body('Select')"
          },
          "runAfter": {
            "Select": [
              "Succeeded"
            ]
          }
        }
      },
      "outputs": {}
    },
    "templateName": null
  },
  "schemaVersion": "1.0.0.0"
}