{
  "properties": {
    "connectionReferences": {
      "shared_sharepointonline_1": {
        "runtimeSource": "invoker",
        "connection": {
          "connectionReferenceLogicalName": "pn_DelegationSharePoint"
        },
        "api": {
          "name": "shared_sharepointonline"
        }
      }
    },
    "definition": {
      "$schema": "https://schema.management.azure.com/providers/Microsoft.Logic/schemas/2016-06-01/workflowdefinition.json#",
      "contentVersion": "1.0.0.0",
      "parameters": {
        "$connections": {
          "defaultValue": {},
          "type": "Object"
        },
        "$authentication": {
          "defaultValue": {},
          "type": "SecureObject"
        },
        "Delegation-SharePointSite (pn_DelegationSharePointSite)": {
          "defaultValue": "https://powernimbus.sharepoint.com/sites/PowerAppsCookbook",
          "type": "String",
          "metadata": {
            "schemaName": "pn_DelegationSharePointSite"
          }
        },
        "Delegation-SharePointList (pn_DelegationSharePointList)": {
          "defaultValue": "ea2b232e-6f70-4804-b048-bb313b3bc8d5",
          "type": "String",
          "metadata": {
            "schemaName": "pn_DelegationSharePointList"
          }
        }
      },
      "triggers": {
        "manual": {
          "metadata": {
            "operationMetadataId": "f9b9bfe0-0acd-4a2b-b835-abd85d4f5ef5"
          },
          "type": "Request",
          "kind": "PowerAppV2",
          "inputs": {
            "schema": {
              "type": "object",
              "properties": {},
              "required": []
            }
          }
        }
      },
      "actions": {
        "Send_an_HTTP_request_to_SharePoint": {
          "runAfter": {},
          "metadata": {
            "operationMetadataId": "5a2ab4e8-6d16-4ff8-9a45-bf21298a9eda"
          },
          "type": "OpenApiConnection",
          "inputs": {
            "host": {
              "connectionName": "shared_sharepointonline_1",
              "operationId": "HttpRequest",
              "apiId": "/providers/Microsoft.PowerApps/apis/shared_sharepointonline"
            },
            "parameters": {
              "dataset": "@parameters('Delegation-SharePointSite (pn_DelegationSharePointSite)')",
              "parameters/method": "GET",
              "parameters/uri": "_api/web/lists(guid'@{parameters('Delegation-SharePointList (pn_DelegationSharePointList)')}')/items?$select=Title&$top=3000",
              "parameters/headers": {
                "accept": "application/json",
                "odata": "nometadata"
              }
            },
            "authentication": "@parameters('$authentication')"
          }
        },
        "Parse_JSON": {
          "runAfter": {
            "Send_an_HTTP_request_to_SharePoint": [
              "Succeeded"
            ]
          },
          "metadata": {
            "operationMetadataId": "84280ae6-23f7-4bc2-8faf-a038df723ca0"
          },
          "type": "ParseJson",
          "inputs": {
            "content": "@body('Send_an_HTTP_request_to_SharePoint')",
            "schema": {
              "type": "object",
              "properties": {
                "odata.metadata": {
                  "type": "string"
                },
                "value": {
                  "type": "array",
                  "items": {
                    "type": "object",
                    "properties": {
                      "odata.type": {
                        "type": "string"
                      },
                      "odata.id": {
                        "type": "string"
                      },
                      "odata.etag": {
                        "type": "string"
                      },
                      "odata.editLink": {
                        "type": "string"
                      },
                      "Title": {
                        "type": "string"
                      }
                    },
                    "required": [
                      "odata.type",
                      "odata.id",
                      "odata.etag",
                      "odata.editLink",
                      "Title"
                    ]
                  }
                }
              }
            }
          }
        },
        "Select": {
          "runAfter": {
            "Parse_JSON": [
              "Succeeded"
            ]
          },
          "metadata": {
            "operationMetadataId": "44ece005-3364-419e-80fc-e799c7a5b28a"
          },
          "type": "Select",
          "inputs": {
            "from": "@body('Parse_JSON')?['value']",
            "select": {
              "Name": "@item()?['Title']"
            }
          }
        },
        "Join": {
          "runAfter": {
            "Select": [
              "Succeeded"
            ]
          },
          "metadata": {
            "operationMetadataId": "ae29ca61-b8fc-4bbf-9851-8e2c3c48eff4"
          },
          "type": "Join",
          "inputs": {
            "from": "@body('Select')",
            "joinWith": ";"
          }
        },
        "Respond_to_a_Power_App_or_flow": {
          "runAfter": {
            "Join": [
              "Succeeded"
            ]
          },
          "metadata": {
            "operationMetadataId": "d3d9be57-3f7d-49cf-8b43-b270c04a82d1"
          },
          "type": "Response",
          "kind": "PowerApp",
          "inputs": {
            "statusCode": 200,
            "body": {
              "data": "@body('Join')"
            },
            "schema": {
              "type": "object",
              "properties": {
                "data": {
                  "title": "data",
                  "x-ms-dynamically-added": true,
                  "type": "string"
                }
              }
            }
          }
        }
      }
    },
    "templateName": ""
  },
  "schemaVersion": "1.0.0.0"
}