<desktopflowbinary desktopflowbinaryid="3a23d663-b0be-4028-b929-6aaff78b4208">
  <data mimetype="application/json">ControlRepository_b99a30f9-c8c1-469a-87a8-5325cda4ad89.json</data>
  <iscustomizable>1</iscustomizable>
  <metadata>{}</metadata>
  <mimetype>application/json</mimetype>
  <name>Desktop flow ui elements</name>
  <process>
    <workflowid>002d2ecf-0bc4-4296-bdf4-23dc72dfa873</workflowid>
  </process>
  <reference>controlRepo.appmask</reference>
  <statecode>0</statecode>
  <statuscode>1</statuscode>
  <type>ControlRepository</type>
</desktopflowbinary>