<ImportExportXml xmlns:xsi="http://www.w3.org/2001/XMLSchema-instance">
  <Entities></Entities>
  <Roles></Roles>
  <Workflows></Workflows>
  <FieldSecurityProfiles></FieldSecurityProfiles>
  <Templates />
  <EntityMaps />
  <EntityRelationships />
  <OrganizationSettings />
  <optionsets />
  <CustomControls />
  <EntityDataProviders />
  <CanvasApps>
    <CanvasApp>
      <Name>pn_accuweathercustomconnector_5c11f</Name>
      <AppVersion>2024-08-15T23:06:17Z</AppVersion>
      <Status>Ready</Status>
      <CreatedByClientVersion>3.24081.10.0</CreatedByClientVersion>
      <MinClientVersion>3.24081.10.0</MinClientVersion>
      <Tags>{"primaryDeviceWidth":"640","primaryDeviceHeight":"1136","sienaVersion":"20220222T000402Z-3.22021.27.0","deviceCapabilities":"","supportsPortrait":"true","supportsLandscape":"false","primaryFormFactor":"Phone","publisherVersion":"3.24081.10","minimumRequiredApiVersion":"2.2.0","hasComponent":"false","hasUnlockedComponent":"false","isUnifiedRootApp":"false","showStatusBar":"false"}</Tags>
      <IsCdsUpgraded>0</IsCdsUpgraded>
      <GalleryItemId xsi:nil="true"></GalleryItemId>
      <BackgroundColor>rgba(0, 176, 240, 1)</BackgroundColor>
      <DisplayName>Accuweather Custom Connector</DisplayName>
      <Description xsi:nil="true"></Description>
      <CommitMessage xsi:nil="true"></CommitMessage>
      <Publisher xsi:nil="true"></Publisher>
      <AuthorizationReferences>[]</AuthorizationReferences>
      <ConnectionReferences>{"c757b9f7-a1e2-4d55-8ef1-8eabd2951bee":{"id":"/providers/microsoft.powerapps/apis/shared_accuweather-20location-5f048f4c42e7f767be-5fe6bc5321525fee8d","displayName":"AccuWeather Location","iconUri":"https://az787822.vo.msecnd.net/defaulticons/api-dedicated.png","dataSources":["AccuWeather"],"dependencies":[],"dependents":[],"parameterHints":{},"parameterHintsV2":{},"isOnPremiseConnection":false,"bypassConsent":false,"dataSets":{},"apiTier":"Standard","actions":["CitySearch"],"customApiLogicalName":"pn_accuweather-20location","isCustomApiSolutionAware":true}}</ConnectionReferences>
      <DatabaseReferences>{}</DatabaseReferences>
      <AppComponents>[]</AppComponents>
      <AppComponentDependencies>[]</AppComponentDependencies>
      <CanConsumeAppPass>1</CanConsumeAppPass>
      <CanvasAppType>0</CanvasAppType>
      <BypassConsent>0</BypassConsent>
      <AdminControlBypassConsent>0</AdminControlBypassConsent>
      <EmbeddedApp xsi:nil="true"></EmbeddedApp>
      <IntroducedVersion>1.0</IntroducedVersion>
      <CdsDependencies>{"cdsdependencies":[{"logicalname":"pn_accuweather-20location","componenttype":372,"componenttypeplatformname":"connector"}]}</CdsDependencies>
      <IsCustomizable>1</IsCustomizable>
      <BackgroundImageUri>/CanvasApps/pn_accuweathercustomconnector_5c11f_BackgroundImageUri</BackgroundImageUri>
      <DocumentUri>/CanvasApps/pn_accuweathercustomconnector_5c11f_DocumentUri.msapp</DocumentUri>
      <AdditionalUris>
        <AdditionalUri>/CanvasApps/pn_accuweathercustomconnector_5c11f_AdditionalUris0_identity.json</AdditionalUri>
      </AdditionalUris>
    </CanvasApp>
  </CanvasApps>
  <Connectors>
    <Connector>
      <connectorid>969b777d-38dc-42a0-8d6c-9952034f791e</connectorid>
      <description>Location service provided from the AccuWeather service</description>
      <displayname>AccuWeather Location</displayname>
      <iconbrandcolor>#007ee5</iconbrandcolor>
      <name>pn_accuweather-20location</name>
      <connectortype>1</connectortype>
      <openapidefinition>/Connector/pn_accuweather-20location_openapidefinition.json</openapidefinition>
      <connectionparameters>/Connector/pn_accuweather-20location_connectionparameters.json</connectionparameters>
      <policytemplateinstances>/Connector/pn_accuweather-20location_policytemplateinstances.json</policytemplateinstances>
      <iconblob>/Connector/pn_accuweather-20location_iconblob.Png</iconblob>
    </Connector>
  </Connectors>
  <Languages>
    <Language>1033</Language>
  </Languages>
</ImportExportXml>