<ImportExportXml xmlns:xsi="http://www.w3.org/2001/XMLSchema-instance">
  <Entities></Entities>
  <Roles></Roles>
  <Workflows></Workflows>
  <FieldSecurityProfiles></FieldSecurityProfiles>
  <Templates />
  <EntityMaps />
  <EntityRelationships />
  <OrganizationSettings />
  <optionsets />
  <CustomControls />
  <EntityDataProviders />
  <CanvasApps>
    <CanvasApp>
      <Name>apc_powertracksql_d147d</Name>
      <AppVersion>2024-04-14T21:59:23Z</AppVersion>
      <Status>Ready</Status>
      <CreatedByClientVersion>3.24041.27.0</CreatedByClientVersion>
      <MinClientVersion>3.24041.27.0</MinClientVersion>
      <Tags>{"primaryDeviceWidth":"640","primaryDeviceHeight":"1136","supportsPortrait":"true","supportsLandscape":"true","primaryFormFactor":"Phone","showStatusBar":"false","publisherVersion":"3.24041.27","minimumRequiredApiVersion":"2.2.0","hasComponent":"false","hasUnlockedComponent":"false","isUnifiedRootApp":"false"}</Tags>
      <IsCdsUpgraded>0</IsCdsUpgraded>
      <GalleryItemId xsi:nil="true"></GalleryItemId>
      <BackgroundColor>rgba(1, 60, 96, 1)</BackgroundColor>
      <DisplayName>PowerTrack SQL</DisplayName>
      <Description xsi:nil="true"></Description>
      <CommitMessage xsi:nil="true"></CommitMessage>
      <Publisher xsi:nil="true"></Publisher>
      <AuthorizationReferences>[]</AuthorizationReferences>
      <ConnectionReferences>{"bde9509c-a885-40ba-9ed5-a6c3f3aef950":{"id":"/providers/microsoft.powerapps/apis/shared_sql","displayName":"SQL Server","iconUri":"https://connectoricons-prod.azureedge.net/releases/v1.0.1683/1.0.1683.3685/sql/icon.png","dataSources":["technicians","ticket_priority","ticket_status","tickets","customers"],"dependencies":[],"dependents":[],"parameterHints":{},"parameterHintsV2":{},"isOnPremiseConnection":false,"bypassConsent":false,"dataSets":{"ampicurrents.database.windows.net,AMPI%20Helpdesk":{"dataSources":{"technicians":{"tableName":"[dbo].[technicians]"},"ticket_priority":{"tableName":"[dbo].[ticket_priority]"},"ticket_status":{"tableName":"[dbo].[ticket_status]"},"tickets":{"tableName":"[dbo].[tickets]"},"customers":{"tableName":"[dbo].[customers]"}}}},"apiTier":"Premium","actions":["providers/PowerPlatform.Governance/Operations/Read"],"endpoints":[],"authenticationType":"oauth"}}</ConnectionReferences>
      <DatabaseReferences>{}</DatabaseReferences>
      <AppComponents>[]</AppComponents>
      <AppComponentDependencies>[]</AppComponentDependencies>
      <CanConsumeAppPass>1</CanConsumeAppPass>
      <CanvasAppType>0</CanvasAppType>
      <BypassConsent>0</BypassConsent>
      <AdminControlBypassConsent>0</AdminControlBypassConsent>
      <EmbeddedApp xsi:nil="true"></EmbeddedApp>
      <IntroducedVersion>1.0</IntroducedVersion>
      <CdsDependencies>{"cdsdependencies":[]}</CdsDependencies>
      <IsCustomizable>1</IsCustomizable>
      <BackgroundImageUri>/CanvasApps/apc_powertracksql_d147d_BackgroundImageUri</BackgroundImageUri>
      <DocumentUri>/CanvasApps/apc_powertracksql_d147d_DocumentUri.msapp</DocumentUri>
      <AdditionalUris>
        <AdditionalUri>/CanvasApps/apc_powertracksql_d147d_AdditionalUris0_identity.json</AdditionalUri>
      </AdditionalUris>
    </CanvasApp>
  </CanvasApps>
  <connectionreferences>
    <connectionreference connectionreferencelogicalname="apc_HelpdeskSQL">
      <connectionreferencedisplayname>Helpdesk - SQL</connectionreferencedisplayname>
      <connectorid>/providers/Microsoft.PowerApps/apis/shared_sql</connectorid>
      <iscustomizable>1</iscustomizable>
      <statecode>0</statecode>
      <statuscode>1</statuscode>
    </connectionreference>
  </connectionreferences>
  <Languages>
    <Language>1033</Language>
  </Languages>
</ImportExportXml>