<desktopflowbinary desktopflowbinaryid="b347d012-53ea-4de7-83cf-8c8819e09db0">
  <data mimetype="application/json">ManifestFile_b347d012-53ea-4de7-83cf-8c8819e09db0.json</data>
  <iscustomizable>1</iscustomizable>
  <metadata>{}</metadata>
  <mimetype>application/json</mimetype>
  <name>Desktop flow manifest file</name>
  <process>
    <workflowid>002d2ecf-0bc4-4296-bdf4-23dc72dfa873</workflowid>
  </process>
  <reference>flow.manifest</reference>
  <statecode>0</statecode>
  <statuscode>1</statuscode>
  <type>ManifestFile</type>
</desktopflowbinary>