<desktopflowbinary desktopflowbinaryid="bc56b016-49b4-46a1-b846-9f6bcf07a675">
  <data mimetype="application/json">ImageRepository_30b875cf-410d-4ed9-8d00-e849e1661437.json</data>
  <iscustomizable>1</iscustomizable>
  <metadata>{}</metadata>
  <mimetype>application/json</mimetype>
  <name>Desktop flow images</name>
  <process>
    <workflowid>002d2ecf-0bc4-4296-bdf4-23dc72dfa873</workflowid>
  </process>
  <reference>imageRepo.imgrepo</reference>
  <statecode>0</statecode>
  <statuscode>1</statuscode>
  <type>ImageRepository</type>
</desktopflowbinary>