<ImportExportXml xmlns:xsi="http://www.w3.org/2001/XMLSchema-instance">
  <Entities></Entities>
  <Roles></Roles>
  <Workflows></Workflows>
  <FieldSecurityProfiles></FieldSecurityProfiles>
  <Templates />
  <EntityMaps />
  <EntityRelationships />
  <OrganizationSettings />
  <optionsets />
  <CustomControls />
  <EntityDataProviders />
  <CanvasApps>
    <CanvasApp>
      <Name>pn_componentlibrarytest_15b38</Name>
      <AppVersion>2024-08-15T21:03:40Z</AppVersion>
      <Status>Ready</Status>
      <CreatedByClientVersion>3.24081.10.0</CreatedByClientVersion>
      <MinClientVersion>3.24081.10.0</MinClientVersion>
      <Tags>{"primaryDeviceWidth":"640","primaryDeviceHeight":"1136","sienaVersion":"20200917T205633Z-3.20085.22.0","deviceCapabilities":"","supportsPortrait":"true","supportsLandscape":"false","primaryFormFactor":"Phone","publisherVersion":"3.24081.10","minimumRequiredApiVersion":"2.2.0","hasComponent":"true","hasUnlockedComponent":"false","isUnifiedRootApp":"false","showStatusBar":"false"}</Tags>
      <IsCdsUpgraded>0</IsCdsUpgraded>
      <GalleryItemId xsi:nil="true"></GalleryItemId>
      <BackgroundColor>rgba(0, 176, 240, 1)</BackgroundColor>
      <DisplayName>Component Library test</DisplayName>
      <Description xsi:nil="true"></Description>
      <CommitMessage xsi:nil="true"></CommitMessage>
      <Publisher xsi:nil="true"></Publisher>
      <AuthorizationReferences>[]</AuthorizationReferences>
      <ConnectionReferences>{}</ConnectionReferences>
      <DatabaseReferences>{}</DatabaseReferences>
      <AppComponents>[]</AppComponents>
      <AppComponentDependencies>[]</AppComponentDependencies>
      <CanConsumeAppPass>1</CanConsumeAppPass>
      <CanvasAppType>0</CanvasAppType>
      <BypassConsent>0</BypassConsent>
      <AdminControlBypassConsent>0</AdminControlBypassConsent>
      <EmbeddedApp xsi:nil="true"></EmbeddedApp>
      <IntroducedVersion>1.0</IntroducedVersion>
      <CdsDependencies>{"cdsdependencies":[]}</CdsDependencies>
      <IsCustomizable>1</IsCustomizable>
      <BackgroundImageUri>/CanvasApps/pn_componentlibrarytest_15b38_BackgroundImageUri</BackgroundImageUri>
      <DocumentUri>/CanvasApps/pn_componentlibrarytest_15b38_DocumentUri.msapp</DocumentUri>
      <AdditionalUris>
        <AdditionalUri>/CanvasApps/pn_componentlibrarytest_15b38_AdditionalUris0_identity.json</AdditionalUri>
      </AdditionalUris>
    </CanvasApp>
    <CanvasApp>
      <Name>pn_powerappscookbooklibrary_12ca2</Name>
      <AppVersion>2024-08-15T20:55:20Z</AppVersion>
      <Status>Ready</Status>
      <CreatedByClientVersion>3.24081.10.0</CreatedByClientVersion>
      <MinClientVersion>3.24081.10.0</MinClientVersion>
      <Tags>{"primaryDeviceWidth":"640","primaryDeviceHeight":"100","supportsPortrait":"true","supportsLandscape":"true","primaryFormFactor":"Phone","showStatusBar":"false","publisherVersion":"3.24081.10","minimumRequiredApiVersion":"2.2.0","hasComponent":"true","hasUnlockedComponent":"true","isUnifiedRootApp":"false","sienaVersion":"20240815T193326Z-3.24081.10.0"}</Tags>
      <IsCdsUpgraded>0</IsCdsUpgraded>
      <GalleryItemId xsi:nil="true"></GalleryItemId>
      <BackgroundColor>RGBA(251,101,60,1)</BackgroundColor>
      <DisplayName>Power Apps CookBook Library</DisplayName>
      <Description xsi:nil="true"></Description>
      <CommitMessage>Added Title component shadow</CommitMessage>
      <Publisher xsi:nil="true"></Publisher>
      <AuthorizationReferences>[]</AuthorizationReferences>
      <ConnectionReferences>{}</ConnectionReferences>
      <DatabaseReferences>{}</DatabaseReferences>
      <AppComponents>[{"appComponentName":"617692dbdfa04efcb8d0fba53c0b6abe","displayName":"TitleCmp","appName":"b99e705f-d050-4801-8ab4-9762b552867b","appVersion":"2024-08-15T20:55:20Z","appComponentLibraryLogicalName":"pn_powerappscookbooklibrary_12ca2","appDisplayName":"Power Apps CookBook Library","environmentName":"0df30487-a297-ed5f-a233-3816a7a60554","owner":{"id":"650cca07-d45c-4905-8eea-bcbdc17a0214","displayName":"Eickhel Mendoza","email":"admin@powernimbus.com","type":"User","tenantId":"6eaa3d93-e2ee-4c76-9cc6-7c80da2cf3a6","userPrincipalName":"admin@powernimbus.com"},"allowCustomization":true,"createdOn":"2024-08-15T19:33:26.209Z","lastModifiedOn":"2024-08-15T20:54:59.671Z","connectionReferences":{},"databaseReferences":{}}]</AppComponents>
      <AppComponentDependencies>[]</AppComponentDependencies>
      <CanConsumeAppPass>0</CanConsumeAppPass>
      <CanvasAppType>1</CanvasAppType>
      <BypassConsent>0</BypassConsent>
      <AdminControlBypassConsent>0</AdminControlBypassConsent>
      <EmbeddedApp xsi:nil="true"></EmbeddedApp>
      <IntroducedVersion>1.0</IntroducedVersion>
      <CdsDependencies>{"cdsdependencies":[]}</CdsDependencies>
      <IsCustomizable>1</IsCustomizable>
      <BackgroundImageUri>/CanvasApps/pn_powerappscookbooklibrary_12ca2_BackgroundImageUri</BackgroundImageUri>
      <DocumentUri>/CanvasApps/pn_powerappscookbooklibrary_12ca2_DocumentUri.msapp</DocumentUri>
      <AdditionalUris>
        <AdditionalUri>/CanvasApps/pn_powerappscookbooklibrary_12ca2_AdditionalUris0_identity.json</AdditionalUri>
      </AdditionalUris>
    </CanvasApp>
  </CanvasApps>
  <Languages>
    <Language>1033</Language>
  </Languages>
</ImportExportXml>