{
  "properties": {
    "connectionReferences": {
      "shared_microsoftforms_1": {
        "api": {
          "name": "shared_microsoftforms"
        },
        "connection": {
          "connectionReferenceLogicalName": "pn_SalesSurveyForms"
        },
        "runtimeSource": "embedded"
      },
      "shared_teams-1": {
        "api": {
          "name": "shared_teams"
        },
        "connection": {
          "connectionReferenceLogicalName": "pn_SalesSurveyTeams"
        },
        "runtimeSource": "embedded"
      },
      "shared_sharepointonline-1": {
        "api": {
          "name": "shared_sharepointonline"
        },
        "connection": {
          "connectionReferenceLogicalName": "pn_SalesSurveySharePoint"
        },
        "runtimeSource": "embedded"
      }
    },
    "definition": {
      "$schema": "https://schema.management.azure.com/providers/Microsoft.Logic/schemas/2016-06-01/workflowdefinition.json#",
      "contentVersion": "1.0.0.0",
      "parameters": {
        "$authentication": {
          "defaultValue": {},
          "type": "SecureObject"
        },
        "$connections": {
          "defaultValue": {},
          "type": "Object"
        }
      },
      "triggers": {
        "When_a_new_response_is_submitted": {
          "type": "OpenApiConnectionWebhook",
          "inputs": {
            "parameters": {
              "form_id": "kz2qbu7idkycxnyA2izzpgfKDGVc1AVJjuq8vcF6AhRUQzFSS0kwVUNXVDlJNkZUNTJHSFIyVEI5Ny4u"
            },
            "host": {
              "apiId": "/providers/Microsoft.PowerApps/apis/shared_microsoftforms",
              "operationId": "CreateFormWebhook",
              "connectionName": "shared_microsoftforms_1"
            }
          },
          "splitOn": "@triggerOutputs()?['body/value']",
          "metadata": {
            "operationMetadataId": "ec36503b-7761-4de3-b413-7ae5e79e6e97"
          }
        }
      },
      "actions": {
        "Get_response_details": {
          "type": "OpenApiConnection",
          "inputs": {
            "parameters": {
              "form_id": "kz2qbu7idkycxnyA2izzpgfKDGVc1AVJjuq8vcF6AhRUQzFSS0kwVUNXVDlJNkZUNTJHSFIyVEI5Ny4u",
              "response_id": "@triggerOutputs()?['body/resourceData/responseId']"
            },
            "host": {
              "apiId": "/providers/Microsoft.PowerApps/apis/shared_microsoftforms",
              "operationId": "GetFormResponseById",
              "connectionName": "shared_microsoftforms_1"
            }
          },
          "runAfter": {},
          "metadata": {
            "operationMetadataId": "6d8809d1-2a44-4946-96bd-b5736cc548f8"
          }
        },
        "Condition": {
          "type": "If",
          "expression": {
            "and": [
              {
                "equals": [
                  "@body('Get_response_details')?['r859184ce291b48a8a7a7aabb787b5c1f']",
                  "Yes"
                ]
              }
            ]
          },
          "actions": {
            "Post_adaptive_card_and_wait_for_a_response": {
              "type": "OpenApiConnectionWebhook",
              "inputs": {
                "parameters": {
                  "poster": "Flow bot",
                  "location": "Channel",
                  "body/body/messageBody": "{\n  \"type\": \"AdaptiveCard\",\n  \"$schema\": \"http://adaptivecards.io/schemas/adaptive-card.json\",\n  \"version\": \"1.4\",\n  \"body\": [\n    {\n      \"type\": \"TextBlock\",\n      \"size\": \"medium\",\n      \"weight\": \"lighter\",\n      \"text\": \"Customer Follow-up\",\n      \"color\": \"dark\",\n      \"isSubtle\": true\n    },\n    {\n      \"type\": \"TextBlock\",\n      \"text\": \"@{body('Get_response_details')?['re365f5aad5c34e4393ee7c680e01dcba']}\",\n      \"wrap\": true,\n      \"weight\": \"bolder\",\n      \"size\": \"extraLarge\"\n    },\n    {\n      \"text\": \"Responded our survey with the following details:\",\n      \"type\": \"TextBlock\"\n    },\n    {\n      \"type\": \"TextBlock\",\n      \"text\": \"How did you first learn about our services?\",\n      \"weight\": \"Bolder\"\n    },\n    {\n      \"type\": \"TextBlock\",\n      \"text\": \"@{body('Get_response_details')?['r5dcefb73139446b589fb3d6c257406a0']}\"\n    },\n    {\n      \"type\": \"TextBlock\",\n      \"text\": \"Please describe the main reasons you selected our services\",\n      \"weight\": \"Bolder\"\n    },\n    {\n      \"type\": \"TextBlock\",\n      \"text\": \"@{body('Get_response_details')?['r9b05fc800f474ce59680aaf20d59ba11']}\"\n    },\n    {\n      \"type\": \"TextBlock\",\n      \"text\": \"Overall rating of our services\",\n      \"weight\": \"Bolder\"\n    },\n    {\n      \"type\": \"TextBlock\",\n      \"text\": \"@{body('Get_response_details')?['r95378dcb029e494cbda8faa53126f671']} stars\"\n    }\n  ],\n  \"actions\": [\n    {\n      \"type\": \"Action.Submit\",\n      \"title\": \"Follow-up\"\n    },\n    {\n      \"type\": \"Action.Submit\",\n      \"title\": \"Discard\"\n    }\n  ]\n}",
                  "body/body/updateMessage": "Thanks for your response!",
                  "body/body/recipient/groupId": "e0edb3e2-9181-4493-8dcd-03204a2657bf",
                  "body/body/recipient/channelId": "19:3fWoTYYrWQLJs9JImVIqFSouWJAo6Uax3BHCt0TE3xQ1@thread.tacv2"
                },
                "host": {
                  "apiId": "/providers/Microsoft.PowerApps/apis/shared_teams",
                  "operationId": "PostCardAndWaitForResponse",
                  "connectionName": "shared_teams-1"
                }
              }
            }
          },
          "else": {
            "actions": {
              "Create_item": {
                "type": "OpenApiConnection",
                "inputs": {
                  "parameters": {
                    "dataset": "https://powernimbus.sharepoint.com",
                    "table": "ec0bd252-413f-4d5b-accf-675227ac1caf",
                    "item/Title": "@body('Get_response_details')?['re365f5aad5c34e4393ee7c680e01dcba']",
                    "item/Score": "@body('Get_response_details')?['r95378dcb029e494cbda8faa53126f671']"
                  },
                  "host": {
                    "apiId": "/providers/Microsoft.PowerApps/apis/shared_sharepointonline",
                    "operationId": "PostItem",
                    "connectionName": "shared_sharepointonline-1"
                  }
                }
              }
            }
          },
          "runAfter": {
            "Get_response_details": [
              "Succeeded"
            ]
          }
        }
      }
    },
    "templateName": null
  },
  "schemaVersion": "1.0.0.0"
}