<environmentvariabledefinition schemaname="pn_DelegationSharePointList">
  <apiid>/providers/microsoft.powerapps/apis/shared_sharepointonline</apiid>
  <defaultvalue>ea2b232e-6f70-4804-b048-bb313b3bc8d5</defaultvalue>
  <displayname default="Delegation-SharePointList">
    <label description="Delegation-SharePointList" languagecode="1033" />
  </displayname>
  <introducedversion>1.0.0.0</introducedversion>
  <iscustomizable>1</iscustomizable>
  <isrequired>0</isrequired>
  <parameterkey>table</parameterkey>
  <parentdefinitionid>
    <schemaname>pn_DelegationSharePointSite</schemaname>
  </parentdefinitionid>
  <secretstore>0</secretstore>
  <type>100000004</type>
</environmentvariabledefinition>