{
  "properties": {
    "connectionReferences": {
      "shared_commondataserviceforapps-1": {
        "api": {
          "name": "shared_commondataserviceforapps"
        },
        "connection": {
          "connectionReferenceLogicalName": "pn_SlidesDataverse"
        },
        "runtimeSource": "embedded"
      },
      "shared_uiflow-1": {
        "api": {
          "name": "shared_uiflow"
        },
        "connection": {
          "connectionReferenceLogicalName": "pn_SlidesDesktopFlow"
        },
        "runtimeSource": "invoker"
      }
    },
    "definition": {
      "$schema": "https://schema.management.azure.com/providers/Microsoft.Logic/schemas/2016-06-01/workflowdefinition.json#",
      "contentVersion": "1.0.0.0",
      "parameters": {
        "$authentication": {
          "defaultValue": {},
          "type": "SecureObject"
        },
        "$connections": {
          "defaultValue": {},
          "type": "Object"
        }
      },
      "triggers": {
        "manual": {
          "type": "Request",
          "kind": "Button",
          "inputs": {
            "schema": {
              "type": "object",
              "properties": {},
              "required": []
            }
          },
          "metadata": {
            "operationMetadataId": "9e925f9e-ee1d-4063-9902-0a254fcc982b"
          }
        }
      },
      "actions": {
        "List_rows": {
          "type": "OpenApiConnection",
          "inputs": {
            "parameters": {
              "entityName": "pn_techsessions"
            },
            "host": {
              "apiId": "/providers/Microsoft.PowerApps/apis/shared_commondataserviceforapps",
              "operationId": "ListRecords",
              "connectionName": "shared_commondataserviceforapps-1"
            }
          },
          "runAfter": {}
        },
        "For_each": {
          "type": "Foreach",
          "foreach": "@outputs('List_rows')?['body/value']",
          "actions": {
            "Run_a_flow_built_with_Power_Automate_for_desktop": {
              "type": "OpenApiConnection",
              "inputs": {
                "parameters": {
                  "uiFlowId": "002d2ecf-0bc4-4296-bdf4-23dc72dfa873",
                  "runMode": "attended",
                  "item/Title": "@items('For_each')?['pn_sessionname']",
                  "item/Subtitle": "@item()?['pn_speaker']"
                },
                "host": {
                  "apiId": "/providers/Microsoft.PowerApps/apis/shared_uiflow",
                  "operationId": "RunUIFlow_V2",
                  "connectionName": "shared_uiflow-1"
                }
              }
            }
          },
          "runAfter": {
            "List_rows": [
              "Succeeded"
            ]
          }
        }
      }
    },
    "templateName": null
  },
  "schemaVersion": "1.0.0.0"
}