<appaction uniquename="apc__GetLocation!709e4b2589b24671a4ffb1af2ff6dd3d!apc_AMPIHelpdesk!apc_ticketoperation!0">
  <appmoduleid>
    <uniquename>apc_AMPIHelpdesk</uniquename>
  </appmoduleid>
  <buttonlabeltext default="Get Location">
    <label description="Get Location" languagecode="1033" />
  </buttonlabeltext>
  <context>1</context>
  <contextentity>
    <logicalname>apc_ticketoperation</logicalname>
  </contextentity>
  <contextvalue>apc_ticketoperation</contextvalue>
  <fonticon>$clientsvg:Pin</fonticon>
  <hidden>0</hidden>
  <iscustomizable>1</iscustomizable>
  <isdisabled>0</isdisabled>
  <isgrouptitlehidden>0</isgrouptitlehidden>
  <location>0</location>
  <name>GetLocation!709e4b2589b24671a4ffb1af2ff6dd3d</name>
  <onclickeventjavascriptfunctionname>OpenSidePanel</onclickeventjavascriptfunctionname>
  <onclickeventjavascriptparameters>[{"type":5}]</onclickeventjavascriptparameters>
  <onclickeventjavascriptwebresourceid>
    <webresourceid>712a854f-68f7-ee11-a1fd-7c1e5212e22e</webresourceid>
  </onclickeventjavascriptwebresourceid>
  <onclickeventtype>2</onclickeventtype>
  <origin>0</origin>
  <sequence>100100015.0000000000</sequence>
  <statecode>0</statecode>
  <statuscode>1</statuscode>
  <type>0</type>
  <visibilitytype>0</visibilitytype>
</appaction>