{
  "properties": {
    "connectionReferences": {
      "shared_microsoftforms-1": {
        "api": {
          "name": "shared_microsoftforms"
        },
        "connection": {
          "connectionReferenceLogicalName": "pn_ComplaintManagerForms"
        },
        "runtimeSource": "embedded"
      },
      "shared_sharepointonline-1": {
        "api": {
          "name": "shared_sharepointonline"
        },
        "connection": {
          "connectionReferenceLogicalName": "pn_ComplaintManagerSharePoint"
        },
        "runtimeSource": "embedded"
      }
    },
    "definition": {
      "$schema": "https://schema.management.azure.com/providers/Microsoft.Logic/schemas/2016-06-01/workflowdefinition.json#",
      "contentVersion": "1.0.0.0",
      "parameters": {
        "$authentication": {
          "defaultValue": {},
          "type": "SecureObject"
        },
        "$connections": {
          "defaultValue": {},
          "type": "Object"
        }
      },
      "triggers": {
        "When_a_new_response_is_submitted": {
          "type": "OpenApiConnectionWebhook",
          "inputs": {
            "parameters": {
              "form_id": "kz2qbu7idkycxnyA2izzpgfKDGVc1AVJjuq8vcF6AhRURE9LOTRTR0JMOFpBRTZQTFozMEJJUjlKNS4u"
            },
            "host": {
              "apiId": "/providers/Microsoft.PowerApps/apis/shared_microsoftforms",
              "operationId": "CreateFormWebhook",
              "connectionName": "shared_microsoftforms-1"
            }
          },
          "splitOn": "@triggerOutputs()?['body/value']",
          "metadata": {
            "operationMetadataId": "c42ba44f-9447-40b1-9fa4-7cd6105d46f7"
          }
        }
      },
      "actions": {
        "Get_response_details": {
          "type": "OpenApiConnection",
          "inputs": {
            "parameters": {
              "form_id": "kz2qbu7idkycxnyA2izzpgfKDGVc1AVJjuq8vcF6AhRURE9LOTRTR0JMOFpBRTZQTFozMEJJUjlKNS4u",
              "response_id": "@triggerOutputs()?['body/resourceData/responseId']"
            },
            "host": {
              "apiId": "/providers/Microsoft.PowerApps/apis/shared_microsoftforms",
              "operationId": "GetFormResponseById",
              "connectionName": "shared_microsoftforms-1"
            }
          },
          "runAfter": {}
        },
        "Create_item": {
          "type": "OpenApiConnection",
          "inputs": {
            "parameters": {
              "dataset": "https://powernimbus.sharepoint.com/sites/PowerAppsCookbook",
              "table": "66fcdea4-f15e-4c73-8346-219e27c3b3af",
              "item/Title": "@body('Get_response_details')?['rd27bcd69716741a39e8d7b4d2d5fca7a']",
              "item/Date": "@{utcNow()}",
              "item/Message": "@body('Get_response_details')?['r74cd73a8b5254cc394c85de7f38f9ae5']",
              "item/Responselink": "@{concat('https://forms.microsoft.com/Pages/DesignPageV2.aspx?id=', triggerOutputs()?['body/resourceData/formId'], '&subpage=design&analysis=true&topview=SurveyResults&ridx=', sub(triggerOutputs()?['body/resourceData/responseId'],1))}"
            },
            "host": {
              "apiId": "/providers/Microsoft.PowerApps/apis/shared_sharepointonline",
              "operationId": "PostItem",
              "connectionName": "shared_sharepointonline-1"
            }
          },
          "runAfter": {
            "Get_response_details": [
              "Succeeded"
            ]
          }
        }
      }
    },
    "templateName": null
  },
  "schemaVersion": "1.0.0.0"
}