{
  "properties": {
    "connectionReferences": {
      "shared_sharepointonline_1": {
        "api": {
          "name": "shared_sharepointonline"
        },
        "connection": {
          "connectionReferenceLogicalName": "pn_InvoiceRecognizerSharePoint"
        },
        "runtimeSource": "embedded"
      },
      "shared_commondataserviceforapps-1": {
        "api": {
          "name": "shared_commondataserviceforapps"
        },
        "connection": {
          "connectionReferenceLogicalName": "pn_InvoiceRecognizerDataverse"
        },
        "runtimeSource": "embedded"
      },
      "shared_approvals": {
        "api": {
          "name": "shared_approvals"
        },
        "connection": {
          "connectionReferenceLogicalName": "pn_InvoiceRecognizerApprovals"
        },
        "runtimeSource": "embedded"
      }
    },
    "definition": {
      "$schema": "https://schema.management.azure.com/providers/Microsoft.Logic/schemas/2016-06-01/workflowdefinition.json#",
      "contentVersion": "1.0.0.0",
      "parameters": {
        "$authentication": {
          "defaultValue": {},
          "type": "SecureObject"
        },
        "$connections": {
          "defaultValue": {},
          "type": "Object"
        }
      },
      "triggers": {
        "When_a_file_is_created_(properties_only)": {
          "type": "OpenApiConnection",
          "inputs": {
            "parameters": {
              "dataset": "https://powernimbus.sharepoint.com/sites/PowerAppsCookbook",
              "table": "2fdffa58-bedf-460c-8e6a-403f439bf92c"
            },
            "host": {
              "apiId": "/providers/Microsoft.PowerApps/apis/shared_sharepointonline",
              "operationId": "GetOnNewFileItems",
              "connectionName": "shared_sharepointonline_1"
            }
          },
          "recurrence": {
            "interval": 3,
            "frequency": "Minute"
          },
          "splitOn": "@triggerOutputs()?['body/value']",
          "metadata": {
            "operationMetadataId": "7aae1004-6c4a-4992-8070-9ae35c2e2d9b"
          }
        }
      },
      "actions": {
        "Extract_information_from_documents": {
          "type": "OpenApiConnection",
          "inputs": {
            "parameters": {
              "recordId": "75f1295d-7a42-4915-9d88-b3b42da45aba",
              "item/requestv2/mimeType": "application/pdf",
              "item/requestv2/base64Encoded": "@body('Get_file_content_using_path')"
            },
            "host": {
              "apiId": "providers/Microsoft.ProcessSimple/operationGroups/aibuilder",
              "operationId": "aibuilderpredict_formsprocessing",
              "connectionName": "shared_commondataserviceforapps-1"
            }
          },
          "runAfter": {
            "Get_file_content_using_path": [
              "Succeeded"
            ]
          }
        },
        "Get_file_content_using_path": {
          "type": "OpenApiConnection",
          "inputs": {
            "parameters": {
              "dataset": "https://powernimbus.sharepoint.com/sites/PowerAppsCookbook",
              "path": "@triggerBody()?['{FullPath}']",
              "inferContentType": true
            },
            "host": {
              "apiId": "/providers/Microsoft.PowerApps/apis/shared_sharepointonline",
              "operationId": "GetFileContentByPath",
              "connectionName": "shared_sharepointonline_1"
            }
          },
          "runAfter": {}
        },
        "Update_file_properties": {
          "type": "OpenApiConnection",
          "inputs": {
            "parameters": {
              "dataset": "https://powernimbus.sharepoint.com/sites/PowerAppsCookbook",
              "table": "2fdffa58-bedf-460c-8e6a-403f439bf92c",
              "id": "@triggerBody()?['ID']",
              "item/Invoicenumber": "@body('Extract_information_from_documents')?['responsev2']?['predictionOutput']?['labels']?['Invoice_85149f36226f35d3c565e5f0daa1f797']?['value']",
              "item/Customername": "@body('Extract_information_from_documents')?['responsev2']?['predictionOutput']?['labels']?['Customer560fe7530e9ce6985daee888de3c504d']?['value']",
              "item/Invoicedate": "@formatDateTime(body('Extract_information_from_documents')?['responsev2']?['predictionOutput']?['labels']?['Invoice_2d2b151ab11da7f1fe4e154b2d3d7d6d']?['value'], 'MMM dd yyyy')",
              "item/Department": "@body('Extract_information_from_documents')?['responsev2']?['predictionOutput']?['labels']?['Department']?['value']",
              "item/Amount": "@body('Extract_information_from_documents')?['responsev2']?['predictionOutput']?['labels']?['Amount']?['value']",
              "item/Status/Value": "Pending approval"
            },
            "host": {
              "apiId": "/providers/Microsoft.PowerApps/apis/shared_sharepointonline",
              "operationId": "PatchFileItem",
              "connectionName": "shared_sharepointonline_1"
            }
          },
          "runAfter": {
            "Extract_information_from_documents": [
              "Succeeded"
            ]
          }
        },
        "Create_sharing_link_for_a_file_or_folder": {
          "type": "OpenApiConnection",
          "inputs": {
            "parameters": {
              "dataset": "https://powernimbus.sharepoint.com/sites/PowerAppsCookbook",
              "table": "2fdffa58-bedf-460c-8e6a-403f439bf92c",
              "id": "@triggerBody()?['ID']",
              "permission/type": "view",
              "permission/scope": "organization"
            },
            "host": {
              "apiId": "/providers/Microsoft.PowerApps/apis/shared_sharepointonline",
              "operationId": "CreateSharingLink",
              "connectionName": "shared_sharepointonline_1"
            }
          },
          "runAfter": {
            "Update_file_properties": [
              "Succeeded"
            ]
          }
        },
        "Start_and_wait_for_an_approval": {
          "type": "OpenApiConnectionWebhook",
          "inputs": {
            "parameters": {
              "approvalType": "Basic",
              "WebhookApprovalCreationInput/title": "Invoice approval request",
              "WebhookApprovalCreationInput/assignedTo": "admin@powernimbus.com",
              "WebhookApprovalCreationInput/details": "# Invoice approval\nInvoice: @{body('Extract_information_from_documents')?['responsev2']?['predictionOutput']?['labels']?['Invoice_85149f36226f35d3c565e5f0daa1f797']?['value']}\nCustomer name: @{body('Extract_information_from_documents')?['responsev2']?['predictionOutput']?['labels']?['Customer560fe7530e9ce6985daee888de3c504d']?['value']}\nDate: @{formatDateTime(body('Extract_information_from_documents')?['responsev2']?['predictionOutput']?['labels']?['Invoice_2d2b151ab11da7f1fe4e154b2d3d7d6d']?['value'], 'MMM dd yyyy')}\nAmount: **@{body('Extract_information_from_documents')?['responsev2']?['predictionOutput']?['labels']?['Amount']?['value']}**\n[Click here to open the invoice](@{outputs('Create_sharing_link_for_a_file_or_folder')?['body/link/webUrl']})\n",
              "WebhookApprovalCreationInput/enableNotifications": true,
              "WebhookApprovalCreationInput/enableReassignment": true
            },
            "host": {
              "apiId": "/providers/Microsoft.PowerApps/apis/shared_approvals",
              "operationId": "StartAndWaitForAnApproval",
              "connectionName": "shared_approvals"
            }
          },
          "runAfter": {
            "Create_sharing_link_for_a_file_or_folder": [
              "Succeeded"
            ]
          }
        },
        "Update_file_properties_on_response_": {
          "type": "OpenApiConnection",
          "inputs": {
            "parameters": {
              "dataset": "https://powernimbus.sharepoint.com/sites/PowerAppsCookbook",
              "table": "2fdffa58-bedf-460c-8e6a-403f439bf92c",
              "id": "@triggerBody()?['ID']",
              "item/Status/Value": "@if(equals(body('Start_and_wait_for_an_approval')?['outcome'], 'Approve'), 'Approved', 'Rejected')",
              "item/Comments": "@first(body('Start_and_wait_for_an_approval')?['responses'])?['comments'] "
            },
            "host": {
              "apiId": "/providers/Microsoft.PowerApps/apis/shared_sharepointonline",
              "operationId": "PatchFileItem",
              "connectionName": "shared_sharepointonline_1"
            }
          },
          "runAfter": {
            "Start_and_wait_for_an_approval": [
              "Succeeded"
            ]
          }
        }
      }
    },
    "templateName": null
  },
  "schemaVersion": "1.0.0.0"
}