<ImportExportXml version="9.2.24071.192" SolutionPackageVersion="9.2" languagecode="1033" generatedBy="CrmLive" xmlns:xsi="http://www.w3.org/2001/XMLSchema-instance">
  <SolutionManifest>
    <UniqueName>ExportComponents08c1509ad8044c998754fb78c460e871</UniqueName>
    <LocalizedNames>
      <LocalizedName description="ExportComponents08c1509ad8044c998754fb78c460e871" languagecode="1033" />
    </LocalizedNames>
    <Descriptions />
    <Version>1.0</Version>
    <Managed>0</Managed>
    <Publisher>
      <UniqueName>Cr8d9c1</UniqueName>
      <LocalizedNames>
        <LocalizedName description="CDS Default Publisher" languagecode="1033" />
      </LocalizedNames>
      <Descriptions />
      <EMailAddress xsi:nil="true"></EMailAddress>
      <SupportingWebsiteUrl xsi:nil="true"></SupportingWebsiteUrl>
      <CustomizationPrefix>cr463</CustomizationPrefix>
      <CustomizationOptionValuePrefix>48714</CustomizationOptionValuePrefix>
    </Publisher>
    <RootComponents>
      <RootComponent type="1" schemaName="cr463_project" behavior="0" />
      <RootComponent type="1" schemaName="cr463_timeentry" behavior="0" />
      <RootComponent type="300" schemaName="cr463_timetracking_6eaed" behavior="0" />
    </RootComponents>
    <MissingDependencies />
  </SolutionManifest>
</ImportExportXml>