{
  "properties": {
    "connectionReferences": {
      "shared_sharepointonline-1": {
        "api": {
          "name": "shared_sharepointonline"
        },
        "connection": {
          "connectionReferenceLogicalName": "pn_ContractsProcessorSharePoint"
        },
        "runtimeSource": "invoker"
      }
    },
    "definition": {
      "$schema": "https://schema.management.azure.com/providers/Microsoft.Logic/schemas/2016-06-01/workflowdefinition.json#",
      "contentVersion": "1.0.0.0",
      "parameters": {
        "$authentication": {
          "defaultValue": {},
          "type": "SecureObject"
        },
        "$connections": {
          "defaultValue": {},
          "type": "Object"
        }
      },
      "triggers": {
        "manual": {
          "type": "Request",
          "kind": "ApiConnection",
          "inputs": {
            "operationId": "GetItemHybridTriggerSchema",
            "parameters": {
              "dataset": "No data",
              "table": "No data"
            },
            "schema": {
              "type": "object",
              "properties": {
                "rows": {
                  "type": "array",
                  "items": {
                    "type": "object",
                    "properties": {
                      "entity": {
                        "properties": {
                          "fileName": {
                            "title": "fileName",
                            "type": "string"
                          }
                        },
                        "type": "object",
                        "required": []
                      }
                    }
                  }
                }
              },
              "required": [
                "rows"
              ]
            },
            "host": {
              "connection": {
                "name": "@parameters('$connections')['shared_sharepointonline-1']['connectionId']"
              }
            }
          },
          "splitOn": "@triggerBody()['rows']",
          "metadata": {
            "operationMetadataId": "f0d83918-ca3f-4471-97b6-4a0588259933"
          }
        }
      },
      "actions": {
        "Get_files_(properties_only)": {
          "type": "OpenApiConnection",
          "inputs": {
            "parameters": {
              "dataset": "https://powernimbus.sharepoint.com/sites/PowerAppsCookbook",
              "table": "83f19311-0197-495c-9eb7-450536f77532",
              "folderPath": "@triggerBody()?['entity']['fileName']"
            },
            "host": {
              "apiId": "/providers/Microsoft.PowerApps/apis/shared_sharepointonline",
              "operationId": "GetFileItems",
              "connectionName": "shared_sharepointonline-1"
            }
          },
          "runAfter": {}
        },
        "For_each": {
          "type": "Foreach",
          "foreach": "@outputs('Get_files_(properties_only)')?['body/value']",
          "actions": {
            "Send_an_HTTP_request_to_SharePoint": {
              "type": "OpenApiConnection",
              "inputs": {
                "parameters": {
                  "dataset": "https://powernimbus.sharepoint.com/sites/PowerAppsCookbook",
                  "parameters/method": "PATCH",
                  "parameters/uri": "_api/web/lists/getbytitle('Contracts')/items(@{items('For_each')?['ID']})",
                  "parameters/headers": {
                    "If-Match": "*"
                  },
                  "parameters/body": "{\n    \"FileLeafRef\": \"@{items('For_each')?['ID']}-@{items('For_each')?['Contractnumber']}-@{items('For_each')?['Reference']}-@{triggerBody()?['entity']['fileName']}\"\n}"
                },
                "host": {
                  "apiId": "/providers/Microsoft.PowerApps/apis/shared_sharepointonline",
                  "operationId": "HttpRequest",
                  "connectionName": "shared_sharepointonline-1"
                }
              }
            }
          },
          "runAfter": {
            "Get_files_(properties_only)": [
              "Succeeded"
            ]
          }
        }
      }
    },
    "templateName": null
  },
  "schemaVersion": "1.0.0.0"
}