<ImportExportXml xmlns:xsi="http://www.w3.org/2001/XMLSchema-instance">
  <Entities></Entities>
  <Roles></Roles>
  <Workflows>
    <Workflow WorkflowId="{ce9f0a7b-7d32-ef11-8409-6045bd86fece}" Name="Delegation helper">
      <JsonFileName>/Workflows/Delegationhelper-CE9F0A7B-7D32-EF11-8409-6045BD86FECE.json</JsonFileName>
      <Type>1</Type>
      <Subprocess>0</Subprocess>
      <Category>5</Category>
      <Mode>0</Mode>
      <Scope>4</Scope>
      <OnDemand>0</OnDemand>
      <TriggerOnCreate>0</TriggerOnCreate>
      <TriggerOnDelete>0</TriggerOnDelete>
      <AsyncAutodelete>0</AsyncAutodelete>
      <SyncWorkflowLogOnFailure>0</SyncWorkflowLogOnFailure>
      <StateCode>1</StateCode>
      <StatusCode>2</StatusCode>
      <RunAs>1</RunAs>
      <IsTransacted>1</IsTransacted>
      <IntroducedVersion>1.0.0.0</IntroducedVersion>
      <IsCustomizable>1</IsCustomizable>
      <BusinessProcessType>0</BusinessProcessType>
      <IsCustomProcessingStepAllowedForOtherPublishers>1</IsCustomProcessingStepAllowedForOtherPublishers>
      <BillingContext>[{"id":"pn_flowdelegation_12530","type":"UnifiedApp","metadata":{"displayName":"Flow Delegation"}}]</BillingContext>
      <PrimaryEntity>none</PrimaryEntity>
      <LocalizedNames>
        <LocalizedName languagecode="1033" description="Delegation helper" />
      </LocalizedNames>
    </Workflow>
  </Workflows>
  <FieldSecurityProfiles></FieldSecurityProfiles>
  <Templates />
  <EntityMaps />
  <EntityRelationships />
  <OrganizationSettings />
  <optionsets />
  <CustomControls />
  <EntityDataProviders />
  <CanvasApps>
    <CanvasApp>
      <Name>pn_flowdelegation_12530</Name>
      <AppVersion>2024-06-25T23:34:08Z</AppVersion>
      <Status>Ready</Status>
      <CreatedByClientVersion>3.24062.17.0</CreatedByClientVersion>
      <MinClientVersion>3.24062.17.0</MinClientVersion>
      <Tags>{"primaryDeviceWidth":"640","primaryDeviceHeight":"1136","sienaVersion":"20220228T004723Z-3.22022.23.0","deviceCapabilities":"","supportsPortrait":"true","supportsLandscape":"false","primaryFormFactor":"Phone","publisherVersion":"3.24062.17","minimumRequiredApiVersion":"2.2.0","hasComponent":"false","hasUnlockedComponent":"false","isUnifiedRootApp":"false","showStatusBar":"false"}</Tags>
      <IsCdsUpgraded>0</IsCdsUpgraded>
      <GalleryItemId xsi:nil="true"></GalleryItemId>
      <BackgroundColor>rgba(104, 101, 171, 1)</BackgroundColor>
      <DisplayName>Flow Delegation</DisplayName>
      <Description xsi:nil="true"></Description>
      <CommitMessage xsi:nil="true"></CommitMessage>
      <Publisher xsi:nil="true"></Publisher>
      <AuthorizationReferences>[]</AuthorizationReferences>
      <ConnectionReferences>{"03cf0319-286c-4262-b314-2ec83ce9f64d":{"id":"/providers/microsoft.powerapps/apis/shared_sharepointonline","displayName":"SharePoint","iconUri":"https://connectoricons-prod.azureedge.net/releases/v1.0.1694/1.0.1694.3752/sharepointonline/icon.png","dataSources":["Delegation-SharePointList"],"dependencies":[],"dependents":["8af52576-95af-46c7-a0d1-4e33b23ad88f"],"parameterHints":{},"parameterHintsV2":{},"isOnPremiseConnection":false,"bypassConsent":false,"dataSets":{"https://powernimbus.sharepoint.com/sites/PowerAppsCookbook_pn_DelegationSharePointSite":{"datasetOverride":{"name":"https://powernimbus.sharepoint.com/sites/PowerAppsCookbook","environmentVariableName":"pn_DelegationSharePointSite"},"dataSources":{"Delegation-SharePointList":{"tableName":"8ca03963-019d-4f90-b72f-905a765f805e","tableNameOverride":{"environmentVariableName":"pn_DelegationSharePointList"}}}}},"apiTier":"Standard","actions":["providers/PowerPlatform.Governance/Operations/Read"]},"8af52576-95af-46c7-a0d1-4e33b23ad88f":{"id":"/providers/microsoft.powerapps/apis/shared_logicflows","displayName":"Logic flows","iconUri":"https://connectoricons-prod.azureedge.net/releases/v1.0.1697/1.0.1697.3784/logicflows/icon.png","dataSources":["Delegationhelper"],"dependencies":["03cf0319-286c-4262-b314-2ec83ce9f64d"],"dependents":[],"parameterHints":{"workflowName":{"value":"c1ed164a-50f9-4c32-bc3e-661b8005ad0e"},"workflowEntityId":{"value":"ce9f0a7b-7d32-ef11-8409-6045bd86fece"},"workflowDisplayName":{"value":"Delegation helper"},"03cf0319-286c-4262-b314-2ec83ce9f64d":{"value":"shared_sharepointonline"}},"parameterHintsV2":{"workflowName":{"value":"c1ed164a-50f9-4c32-bc3e-661b8005ad0e"},"workflowEntityId":{"value":"ce9f0a7b-7d32-ef11-8409-6045bd86fece"},"workflowDisplayName":{"value":"Delegation helper"},"shared_sharepointonline":{"value":"03cf0319-286c-4262-b314-2ec83ce9f64d"}},"isOnPremiseConnection":false,"bypassConsent":false,"dataSets":{},"apiTier":"Standard","actions":["Run"]}}</ConnectionReferences>
      <DatabaseReferences>{}</DatabaseReferences>
      <AppComponents>[]</AppComponents>
      <AppComponentDependencies>[]</AppComponentDependencies>
      <CanConsumeAppPass>1</CanConsumeAppPass>
      <CanvasAppType>0</CanvasAppType>
      <BypassConsent>0</BypassConsent>
      <AdminControlBypassConsent>0</AdminControlBypassConsent>
      <EmbeddedApp xsi:nil="true"></EmbeddedApp>
      <IntroducedVersion>1.0</IntroducedVersion>
      <CdsDependencies>{"cdsdependencies":[{"dependencyid":"ce9f0a7b-7d32-ef11-8409-6045bd86fece","componenttype":29,"componenttypeplatformname":"Workflow"},{"logicalname":"pn_DelegationSharePointSite","componenttype":380,"componenttypeplatformname":"EnvironmentVariableDefinition"},{"logicalname":"pn_DelegationSharePointList","componenttype":380,"componenttypeplatformname":"EnvironmentVariableDefinition"}]}</CdsDependencies>
      <IsCustomizable>1</IsCustomizable>
      <BackgroundImageUri>/CanvasApps/pn_flowdelegation_12530_BackgroundImageUri</BackgroundImageUri>
      <DocumentUri>/CanvasApps/pn_flowdelegation_12530_DocumentUri.msapp</DocumentUri>
      <AdditionalUris>
        <AdditionalUri>/CanvasApps/pn_flowdelegation_12530_AdditionalUris0_identity.json</AdditionalUri>
      </AdditionalUris>
    </CanvasApp>
  </CanvasApps>
  <connectionreferences>
    <connectionreference connectionreferencelogicalname="pn_DelegationSharePoint">
      <connectionreferencedisplayname>Delegation-SharePoint</connectionreferencedisplayname>
      <connectorid>/providers/Microsoft.PowerApps/apis/shared_sharepointonline</connectorid>
      <iscustomizable>1</iscustomizable>
      <statecode>0</statecode>
      <statuscode>1</statuscode>
    </connectionreference>
  </connectionreferences>
  <Languages>
    <Language>1033</Language>
  </Languages>
</ImportExportXml>